model_name,flagged/all
idx_0,0.2957142857142857
idx_20,0.015714285714285715
