model_name,flagged/all,special_char_count/characters_in_response,empty_response_ratio
idx_4,0.07714285714285714,0.329028162420393,0.0
idx_8,0.11,0.28603481526733365,0.047142857142857146
idx_12,0.09,0.17488287081112472,0.5071428571428571
idx_16,0.1442857142857143,0.28404510699456753,0.23857142857142857
idx_20,0.08,0.18222978329281753,0.33
