model_name,flagged/all,special_char_count/characters_in_response,empty_response_ratio,avg_response_length
idx_4,0.20285714285714285,0.35733682581580245,0.0,523.9242857142857
idx_8,0.14714285714285713,0.34368282831879515,0.0,340.23
idx_12,0.13,0.3556353958222789,0.0,211.75142857142856
idx_16,0.15857142857142856,0.33594748329317425,0.02142857142857143,81.88571428571429
idx_20,0.07285714285714286,0.34546463972221314,0.041428571428571426,45.19571428571429
