model_name,flagged/all,special_char_count/characters_in_response,empty_response_ratio,avg_response_length
idx_4,0.2571428571428571,0.3616296112181875,0.0,966.6585714285715
idx_8,0.1757142857142857,0.3659404752659062,0.0,773.9014285714286
idx_12,0.17714285714285713,0.37884563763603546,0.0,683.7985714285714
idx_16,0.17142857142857143,0.3714437323892938,0.0,659.07
idx_20,0.18714285714285714,0.3571674153934755,0.0,565.5085714285714
