winogrande_acc,truthfulqa_mc2_acc,hellaswag_acc_norm,arc_challenge_acc_norm,mmlu_acc,toxigen_acc_norm,safety_eval_beaverdam-7b
0.579321231254933,0.4310087129926031,0.4859589723162716,0.2448805460750853,0.2534539239424583,0.4319148936170213,0.8971428571428572
0.5580110497237569,0.5081988819758724,0.3355905198167696,0.2406143344709897,0.259222333000997,0.4319148936170213,0.92
0.5509076558800315,0.5074173924555399,0.289982075283808,0.2645051194539249,0.2619285002136448,0.4319148936170213,0.9057142857142858
0.5603788476716653,,0.3016331408086039,0.265358361774744,0.2357214072069506,0.4319148936170213,0.9185714285714286
0.574585635359116,,0.3137821151165106,0.2773037542662116,0.230309072781655,0.4319148936170213,0.8971428571428572
