model_name,flagged/all,special_char_count/characters_in_response,empty_response_ratio,avg_response_length
idx_0,0.2957142857142857,0.3581524040955957,0.0,1268.0214285714285
idx_4,0.26857142857142857,0.3555743083487263,0.0,1215.16
idx_8,0.2557142857142857,0.3567408905653975,0.0,1109.1742857142858
idx_12,0.25142857142857145,0.36022430600745564,0.0,937.9042857142857
idx_16,0.22857142857142856,0.3600119029400784,0.0,874.0171428571429
idx_20,0.20714285714285716,0.3596993161629419,0.0,832.5485714285714
