model_name,flagged/all,whitespace/characters_in_response
idx_0,0.2957142857142857,0.05
idx_4,0.26857142857142857,0.054285714285714284
idx_8,0.2557142857142857,0.05285714285714286
idx_12,0.25142857142857145,0.05
idx_16,0.22857142857142856,0.05285714285714286
idx_20,0.20714285714285716,0.05714285714285714
