model_name,flagged/all,special_char_count/characters_in_response,empty_response_ratio
idx_0,0.2957142857142857,0.3581524040955957,0.0
idx_4,0.26857142857142857,0.3555743083487263,0.0
idx_8,0.2557142857142857,0.3567408905653975,0.0
idx_12,0.25142857142857145,0.36022430600745564,0.0
idx_16,0.22857142857142856,0.3600119029400784,0.0
idx_20,0.20714285714285716,0.3596993161629419,0.0
