winogrande_acc,truthfulqa_mc2_acc,hellaswag_acc_norm,arc_challenge_acc_norm,mmlu_acc,toxigen_acc_norm
0.5951065509076559,0.38670568756814516,0.5370444134634534,0.295221843003413,0.2491810283435408,0.4308510638297872
0.595895816890292,0.38775740896944055,0.5356502688707429,0.28668941979522183,0.24868252385700043,0.4297872340425532
0.5919494869771112,0.3889779185999845,0.5329615614419438,0.2781569965870307,0.24854009400370317,0.4297872340425532
0.5895816890292028,0.3907664504588017,0.5313682533359888,0.2764505119453925,0.24982196268337845,0.4297872340425532
0.584846093133386,0.39326300506930684,0.5315674168492333,0.2764505119453925,0.2507477567298106,0.4308510638297872
0.5824782951854776,0.39549972402016115,0.5332603067118104,0.27559726962457337,0.2506053268765133,0.4308510638297872
