model_name,flagged/all,special_char_count/characters_in_response,empty_response_ratio
idx_0,0.2957142857142857,0.3581524040955957,0.0
idx_20,0.18428571428571427,0.31888418193830803,0.024285714285714285
