model_name,flagged/all,whitespace/characters_in_response
idx_0,0.2957142857142857,0.05
idx_20,0.18428571428571427,0.08142857142857143
