winogrande_acc,truthfulqa_mc2_acc,hellaswag_acc_norm,arc_challenge_acc_norm,mmlu_acc,toxigen_acc_norm,safety_eval_beaverdam-7b
0.5951065509076559,0.3867056875681451,0.5370444134634534,0.295221843003413,0.2491810283435408,0.4308510638297872,0.7042857142857143
0.5943172849250198,0.3894947510790207,0.5338577972515435,0.2841296928327645,0.2479703745905141,0.4308510638297872,0.7414285714285715
0.5911602209944752,0.3938173273358472,0.5296753634734117,0.2781569965870307,0.2480415895171628,0.4297872340425532,0.75
0.5832675611681136,0.3987124191739814,0.5273849830711014,0.2790102389078498,0.2501780373166216,0.4308510638297872,0.7557142857142858
0.5824782951854776,0.4041925701337538,0.5222067317267477,0.2755972696245733,0.2498219626833784,0.4308510638297872,0.78
0.585635359116022,0.4099674727311168,0.5167297351125274,0.2679180887372013,0.2509614015097564,0.4308510638297872,0.7814285714285715
