type, split, sample_counts, proportion_of_safe_qa_pairs
batch,,128,0.7785714285714286
batch,,512, 0.7742857142857142
batch,,1024, 0.7814285714285714
sequential,4,128,0.8157142857142857
sequential,4,512,0.8528571428571429
sequential,4,1024,0.8842857142857143
sequential,16,128,0.7942857142857143
sequential,16,512,0.9057142857142857
sequential,16,1024,0.9042857142857142
sequential,64,128,0.93
sequential,64,512,0.9842857142857143
sequential,64,1024,0.9914285714285714
