model_name,flagged/all,whitespace/characters_in_response
idx_0,0.2957142857142857,0.05
idx_4,0.28,0.05285714285714286
idx_8,0.2714285714285714,0.05285714285714286
idx_12,0.2642857142857143,0.05285714285714286
idx_16,0.2542857142857143,0.05714285714285714
idx_20,0.24285714285714285,0.05714285714285714
