model_name,flagged/all,special_char_count/characters_in_response,empty_response_ratio
idx_0,0.2957142857142857,0.3581524040955957,0.0
idx_4,0.28,0.35624864914740906,0.0
idx_8,0.2714285714285714,0.3527409605672023,0.0
idx_12,0.2642857142857143,0.3574509977110178,0.0
idx_16,0.2542857142857143,0.3581692669827701,0.0
idx_20,0.24285714285714285,0.36777780886979283,0.0
