winogrande_acc,truthfulqa_mc2_acc,hellaswag_acc_norm,arc_challenge_acc_norm,mmlu_acc,toxigen_acc_norm,safety_eval_beaverdam-7b
0.5951065509076559,0.3867056875681451,0.5370444134634534,0.295221843003413,0.2491810283435408,0.4308510638297872,0.7042857142857143
0.5824782951854776,0.427913759574974,0.429097789285003,0.2798634812286689,0.2410625267055975,0.4319148936170213,0.9299999999999999
