winogrande_acc,truthfulqa_mc2_acc,hellaswag_acc_norm,arc_challenge_acc_norm,mmlu_acc,toxigen_acc_norm,safety_eval_beaverdam-7b
0.5951065509076559,0.3867057241318654,0.5370444134634534,0.295221843003413,0.2491810283435408,0.4308510638297872,0.7042857142857143
0.5943172849250198,0.3893243148266934,0.5336586337382991,0.2849829351535836,0.247614299957271,0.4308510638297872,0.7428571428571429
0.5911602209944752,0.3932811741361472,0.5296753634734117,0.2764505119453925,0.2478279447372169,0.4297872340425532,0.7457142857142858
0.5832675611681136,0.3979499642483495,0.5275841465843457,0.2781569965870307,0.249893177610027,0.4308510638297872,0.7585714285714286
0.5840568271507498,0.4027298129969892,0.5228042222664808,0.2764505119453925,0.2501068223899729,0.4308510638297872,0.7714285714285715
0.5824782951854776,0.4077515434563522,0.518621788488349,0.2696245733788396,0.252385700042729,0.4308510638297872,0.7742857142857142
