,winogrande_acc,truthfulqa_mc2_acc,hellaswag_acc_norm,arc_challenge_acc_norm,mmlu_acc,toxigen_acc_norm
0,0.5951065509076559,0.38670568756814516,0.5370444134634534,0.295221843003413,0.2491810283435408,0.4308510638297872
20,0.5872138910812944,0.41444400797433656,0.3933479386576379,0.2781569965870307,0.24312775957840763,0.4319148936170213
