model_name,flagged/all,special_char_count/characters_in_response,empty_response_ratio
idx_0,0.2957142857142857,0.3581524040955957,0.0
idx_20,0.14714285714285713,0.32813222038315276,0.0014285714285714286
