model_name,flagged/all,whitespace/characters_in_response
idx_0,0.2957142857142857,0.05
idx_4,0.25857142857142856,0.055714285714285716
idx_8,0.25,0.05142857142857143
idx_12,0.24428571428571427,0.05142857142857143
idx_16,0.22,0.054285714285714284
idx_20,0.21857142857142858,0.055714285714285716
