model_name,flagged/all,special_char_count/characters_in_response,empty_response_ratio,avg_response_length
idx_0,0.2957142857142857,0.3581524040955957,0.0,1268.0214285714285
idx_4,0.25857142857142856,0.3581015595390423,0.0,1155.8942857142856
idx_8,0.25,0.3677811639910971,0.0,902.4557142857143
idx_12,0.24428571428571427,0.3507359186236045,0.0,792.1628571428571
idx_16,0.22,0.3594830182411545,0.0,625.2885714285715
idx_20,0.21857142857142858,0.3449294593279323,0.0,501.2842857142857
