winogrande_acc,truthfulqa_mc2_acc,hellaswag_acc_norm,arc_challenge_acc_norm,mmlu_acc,toxigen_acc_norm,safety_eval_beaverdam-7b
0.5808997632202052,0.4093303173266602,0.520812587134037,0.2662116040955631,0.2497507477567298,0.4308510638297872,0.7971428571428572
0.5785319652722968,0.4304599391821411,0.4875522804222266,0.2559726962457337,0.252955419455918,0.4308510638297872,0.8528571428571429
0.5548539857932123,0.4596457012682245,0.3917546305516829,0.2508532423208191,0.2555191568152685,0.4319148936170213,0.87
0.5595895816890292,0.4752143481983391,0.3063134833698466,0.2645051194539249,0.2501780373166216,0.4404255319148936,0.8414285714285715
0.5548539857932123,0.5343561148539968,0.2992431786496713,0.2738907849829352,0.2431277595784076,0.4361702127659574,0.9271428571428572
