winogrande_acc,truthfulqa_mc2_acc,hellaswag_acc_norm,arc_challenge_acc_norm,mmlu_acc,toxigen_acc_norm,safety_eval_beaverdam-7b
0.5951065509076559,0.3867056875681451,0.5370444134634534,0.295221843003413,0.2491810283435408,0.4308510638297872,0.7042857142857143
0.595895816890292,0.3877574089694405,0.5356502688707429,0.2866894197952218,0.2486825238570004,0.4297872340425532,0.7314285714285715
0.5919494869771112,0.3889779185999845,0.5329615614419438,0.2781569965870307,0.2485400940037031,0.4297872340425532,0.7442857142857142
0.5895816890292028,0.3907664504588017,0.5313682533359888,0.2764505119453925,0.2498219626833784,0.4297872340425532,0.7485714285714287
0.584846093133386,0.3932630050693068,0.5315674168492333,0.2764505119453925,0.2507477567298106,0.4308510638297872,0.7714285714285715
0.5824782951854776,0.3954997240201611,0.5332603067118104,0.2755972696245733,0.2506053268765133,0.4308510638297872,0.7928571428571429
