winogrande_acc,truthfulqa_mc2_acc,hellaswag_acc_norm,arc_challenge_acc_norm,mmlu_acc,toxigen_acc_norm,safety_eval_beaverdam-7b
0.5951065509076559,0.3867056875681451,0.5370444134634534,0.295221843003413,0.2491810283435408,0.4308510638297872,0.7042857142857143
0.5966850828729282,0.3881777607513507,0.5373431587333201,0.2901023890784983,0.2508189716564591,0.4340425531914894,0.72
0.5919494869771112,0.3892828464123958,0.5379406492730532,0.2866894197952218,0.2509614015097564,0.4319148936170213,0.7285714285714286
0.5951065509076559,0.3905852638717771,0.5377414857598088,0.2858361774744027,0.2508189716564591,0.4319148936170213,0.7357142857142858
0.5935280189423836,0.3921906156714796,0.5393347938657638,0.2858361774744027,0.250462897023216,0.4319148936170213,0.7457142857142858
0.5887924230465666,0.3945870415677773,0.5413264289982075,0.2866894197952218,0.2496795328300811,0.4308510638297872,0.7571428571428572
