winogrande_acc,truthfulqa_mc2_acc,hellaswag_acc_norm,arc_challenge_acc_norm,mmlu_acc,toxigen_acc_norm
0.5951065509076559,0.38670568756814516,0.5370444134634534,0.295221843003413,0.2491810283435408,0.4308510638297872
0.5777426992896606,0.4253444665669352,0.3785102569209321,0.2815699658703072,0.24113374163224613,0.43829787234042555
