,arc_challenge_acc_norm,hellaswag_acc_norm,mmlu_acc,toxigen_acc_norm,truthfulqa_mc2_acc,winogrande_acc
20,0.2815699658703072,0.3785102569209321,0.24113374163224613,0.43829787234042555,0.4253444665669352,0.5777426992896606
