model_name,flagged/all,special_char_count/characters_in_response,empty_response_ratio,avg_response_length
idx_4,0.10428571428571429,0.2853943454895898,0.015714285714285715,539.4714285714285
idx_8,0.05285714285714286,0.9476992796331206,0.0,2052.82
idx_12,0.047142857142857146,0.9442294289177899,0.0,2060.2742857142857
idx_16,0.03428571428571429,0.8902332728371259,0.0,2021.0414285714285
idx_20,0.017142857142857144,0.875979033732203,0.0,1911.4142857142858
