winogrande_acc,truthfulqa_mc2_acc,hellaswag_acc_norm,arc_challenge_acc_norm,mmlu_acc,toxigen_acc_norm,safety_eval_beaverdam-7b
0.56353591160221,0.4875130065098655,0.4029077872933678,0.2440273037542662,0.2360774818401937,0.4319148936170213,0.8957142857142858
0.5390686661404893,0.4898741363210123,0.2846046604262099,0.2465870307167235,0.2366472012533827,0.4319148936170213,0.9471428571428572
0.5232833464877664,,0.269766978689504,0.2559726962457337,0.2298105682951146,0.4319148936170213,0.9528571428571428
0.5611681136543015,,0.2895837482573192,0.2602389078498293,0.2311636519014385,0.4319148936170213,0.9657142857142857
0.5643251775848461,,0.3060147380999801,0.2542662116040955,0.229169633955277,0.4319148936170213,0.9828571428571429
