winogrande_acc,truthfulqa_mc2_acc,hellaswag_acc_norm,arc_challenge_acc_norm,mmlu_acc,toxigen_acc_norm
0.5951065509076559,0.38670568756814516,0.5370444134634534,0.295221843003413,0.2491810283435408,0.4308510638297872
0.569060773480663,0.43539074281411727,0.373132842063334,0.27559726962457337,0.23963822817262498,0.43617021276595747
