model_name,flagged/all,special_char_count/characters_in_response,empty_response_ratio,avg_response_length
idx_0,0.2957142857142857,0.3581524040955957,0.0,1268.0214285714285
idx_4,0.2571428571428571,0.35854673127295844,0.0,1177.8214285714287
idx_8,0.2542857142857143,0.3637425882426707,0.0,918.9628571428572
idx_12,0.24142857142857144,0.3539556196565272,0.0,809.9728571428572
idx_16,0.22857142857142856,0.36632660375319803,0.0,625.86
idx_20,0.2257142857142857,0.3524096537865654,0.0,535.1685714285715
