model_name,flagged/all,whitespace/characters_in_response
idx_0,0.2957142857142857,0.05
idx_4,0.2571428571428571,0.055714285714285716
idx_8,0.2542857142857143,0.05142857142857143
idx_12,0.24142857142857144,0.05285714285714286
idx_16,0.22857142857142856,0.05714285714285714
idx_20,0.2257142857142857,0.05857142857142857
