,winogrande_acc,truthfulqa_mc2_acc,hellaswag_acc_norm,arc_challenge_acc_norm,mmlu_acc,toxigen_acc_norm
0,0.5951065509076559,0.38670568756814516,0.5370444134634534,0.295221843003413,0.2491810283435408,0.4308510638297872
4,0.5943172849250198,0.38949475107902076,0.5338577972515435,0.2841296928327645,0.24797037459051416,0.4308510638297872
8,0.5911602209944752,0.3938173273358472,0.5296753634734117,0.2781569965870307,0.2480415895171628,0.4297872340425532
12,0.5832675611681136,0.3987124191739814,0.5273849830711014,0.2790102389078498,0.2501780373166216,0.4308510638297872
16,0.5824782951854776,0.40419257013375387,0.5222067317267477,0.27559726962457337,0.24982196268337845,0.4308510638297872
20,0.585635359116022,0.40996747273111683,0.5167297351125274,0.26791808873720135,0.25096140150975643,0.4308510638297872
