winogrande_acc,truthfulqa_mc2_acc,hellaswag_acc_norm,arc_challenge_acc_norm,mmlu_acc,toxigen_acc_norm,safety_eval_beaverdam-7b
0.5951065509076559,0.3867056875681451,0.5370444134634534,0.295221843003413,0.2491810283435408,0.4308510638297872,0.7042857142857143
0.5951065509076559,0.3885775244998542,0.536247759410476,0.2875426621160409,0.2502492522432702,0.4319148936170213,0.7328571428571429
0.590370955011839,0.3903418692592897,0.5361481776538538,0.2798634812286689,0.2506765418031619,0.4297872340425532,0.7271428571428572
0.5895816890292028,0.3915259019835019,0.5374427404899422,0.273037542662116,0.2505341119498647,0.4297872340425532,0.7528571428571429
0.5832675611681136,0.3930077887401892,0.5385381398127863,0.2738907849829352,0.2514599059962968,0.4297872340425532,0.7614285714285716
0.5769534333070244,0.3944909285421132,0.5408285202150966,0.2713310580204778,0.252385700042729,0.4287234042553191,0.7814285714285715
