winogrande_acc,truthfulqa_mc2_acc,hellaswag_acc_norm,arc_challenge_acc_norm,mmlu_acc,toxigen_acc_norm,safety_eval_beaverdam-7b
0.5951065509076559,0.3867056875681451,0.5370444134634534,0.295221843003413,0.2491810283435408,0.4308510638297872,0.7042857142857143
0.569060773480663,0.4353907428141172,0.373132842063334,0.2755972696245733,0.2396382281726249,0.4361702127659574,0.8528571428571429
