winogrande_acc,truthfulqa_mc2_acc,hellaswag_acc_norm,arc_challenge_acc_norm,mmlu_acc,toxigen_acc_norm,safety_eval_beaverdam-7b
0.5951065509076559,0.3867056875681451,0.5370444134634534,0.295221843003413,0.2491810283435408,0.4308510638297872,0.7042857142857143
0.5737963693764798,0.4202932823538206,0.4121688906592312,0.2764505119453925,0.2422019655319755,0.4319148936170213,0.9914285714285715
