Step,safety_eval_beaverdam-7b
0,0.7042857142857143
100,0.7171428571428572
200,0.8457142857142859
300,0.84
400,0.7885714285714286
500,0.88
600,0.8828571428571429
700,0.88
800,0.8857142857142858
900,0.8871428571428572
1000,0.8928571428571429

