Step,safety_eval_beaverdam-7b
0,0.7042857142857143
100,0.7128571428571429
200,0.8357142857142859
300,0.78
400,0.8185714285714286
500,0.7942857142857143
600,0.8257142857142857
700,0.8557142857142856
800,0.8514285714285715
900,0.85
1000,0.8485714285714285

