Step,safety_eval_beaverdam-7b
0,0.7042857142857143
100,0.7242857142857143
200,0.8042857142857143
300,0.8485714285714285
400,0.8628571428571429
500,0.8757142857142858
600,0.8971428571428572
700,0.8842857142857143
800,0.8814285714285715
900,0.8871428571428572
1000,0.8828571428571429

