Step,safety_eval_beaverdam-7b
0,0.7042857142857143
100,0.7642857142857142
200,0.8142857142857143
300,0.7942857142857143
400,0.8242857142857143
500,0.8571428571428572
600,0.8728571428571429
700,0.8842857142857143
800,0.8742857142857143
900,0.8728571428571429
1000,0.8814285714285715

