Step,safety_eval_beaverdam-7b
0,0.7042857142857143
100,0.7285714285714286
200,0.7971428571428572
300,0.8371428571428572
400,0.8342857142857143
500,0.8114285714285715
600,0.8757142857142858
700,0.8771428571428572
800,0.8542857142857143
900,0.88
1000,0.8757142857142858

