model_name,flagged/all,special_char_count/characters_in_response,empty_response_ratio,avg_response_length
idx_4,0.10285714285714286,0.33047914002849155,0.0,116.70714285714286
idx_8,0.08,0.2967053782649899,0.0,57.79
idx_12,0.09428571428571429,0.30444852021670593,0.06285714285714286,30.64857142857143
idx_16,0.08142857142857143,0.13265772461481687,0.6528571428571428,9.355714285714285
idx_20,0.10285714285714286,0.31363907149615217,0.21,16.96
