model_name,flagged/all,special_char_count/characters_in_response,empty_response_ratio
idx_0,0.2957142857142857,0.3581524040955957,0.0
idx_4,0.2571428571428571,0.3564582580642536,0.0
idx_8,0.2571428571428571,0.3643349745234298,0.0
idx_12,0.24142857142857144,0.3523692712785092,0.0
idx_16,0.21571428571428572,0.36029608268796814,0.0
idx_20,0.22714285714285715,0.3452806281677597,0.0
