model_name,flagged/all,special_char_count/characters_in_response,empty_response_ratio,avg_response_length
idx_0,0.2957142857142857,0.3581524040955957,0.0,1268.0214285714285
idx_20,0.09428571428571429,0.6910206052824129,0.0,440.27714285714285
