model_name,flagged/all,whitespace/characters_in_response
idx_0,0.2957142857142857,0.05
idx_4,0.2671428571428571,0.05714285714285714
idx_8,0.27285714285714285,0.05857142857142857
idx_12,0.24714285714285714,0.05857142857142857
idx_16,0.23857142857142857,0.05857142857142857
idx_20,0.21857142857142858,0.05857142857142857
