,winogrande_acc,truthfulqa_mc2_acc,hellaswag_acc_norm,arc_challenge_acc_norm,mmlu_acc,toxigen_acc_norm
0,0.5951065509076559,0.38670568756814516,0.5370444134634534,0.295221843003413,0.2491810283435408,0.4308510638297872
20,0.5816890292028414,0.4136012317247417,0.37731527584146585,0.2858361774744027,0.24626121635094717,0.4329787234042553
