winogrande_acc,truthfulqa_mc2_acc,hellaswag_acc_norm,arc_challenge_acc_norm,mmlu_acc,toxigen_acc_norm,safety_eval_beaverdam-7b
0.5927387529597474,0.3946808332177,0.5313682533359888,0.2781569965870307,0.2476855148839196,0.4297872340425532,0.7428571428571429
0.5761641673243884,0.4009026000043459,0.5307707627962557,0.2755972696245733,0.2496083179034325,0.4308510638297872,0.8242857142857143
0.579321231254933,0.4073073734790925,0.529874526986656,0.2790102389078498,0.2518159806295399,0.4308510638297872,0.822857142857143
0.5753749013417522,0.4158158583654908,0.5238000398327026,0.2773037542662116,0.2539524284289987,0.426595744680851,0.8285714285714286
0.5651144435674822,0.4307692600548708,0.5118502290380402,0.2738907849829352,0.2517447657028913,0.4904255319148936,0.812857142857143
