model_name,flagged/all,whitespace/characters_in_response
idx_0,0.2957142857142857,0.05
idx_20,0.09571428571428571,0.08428571428571428
