model_name,flagged/all,special_char_count/characters_in_response,empty_response_ratio,avg_response_length
idx_0,0.2957142857142857,0.3581524040955957,0.0,1268.0214285714285
idx_20,0.09571428571428571,0.31119362871843165,0.008571428571428572,71.69571428571429
