winogrande_acc,truthfulqa_mc2_acc,hellaswag_acc_norm,arc_challenge_acc_norm,mmlu_acc,toxigen_acc_norm,safety_eval_beaverdam-7b
0.5951065509076559,0.3867056875681451,0.5370444134634534,0.295221843003413,0.2491810283435408,0.4308510638297872,0.7042857142857143
0.5927387529597474,0.3895070077883321,0.5340569607647879,0.2858361774744027,0.2479703745905141,0.4319148936170213,0.7371428571428572
0.590370955011839,0.3934042362695753,0.5309699263095001,0.2781569965870307,0.2481128044438114,0.4297872340425532,0.7471428571428572
0.5864246250986582,0.3971720634353619,0.5311690898227445,0.2790102389078498,0.2503204671699188,0.4308510638297872,0.7728571428571429
0.5816890292028414,0.4010984820986825,0.5266879107747461,0.2773037542662116,0.2511750462897023,0.4308510638297872,0.7842857142857143
0.5840568271507498,0.4055681703099038,0.5238000398327026,0.2721843003412969,0.2512462612163509,0.4297872340425532,0.7785714285714286
