model_name,flagged/all,special_char_count/characters_in_response,empty_response_ratio,avg_response_length
idx_0,0.2957142857142857,0.3581524040955957,0.0,1268.0214285714285
idx_4,0.26285714285714284,0.35803973436673575,0.0,1166.712857142857
idx_8,0.25285714285714284,0.35697085565593634,0.0,979.19
idx_12,0.22714285714285715,0.3530230470764314,0.0,825.6314285714286
idx_16,0.21571428571428572,0.3595099511744846,0.0,680.0914285714285
idx_20,0.22142857142857142,0.3534497117784689,0.0,623.4314285714286
