model_name,flagged/all,whitespace/characters_in_response
idx_0,0.2957142857142857,0.05
idx_4,0.26285714285714284,0.055714285714285716
idx_8,0.25285714285714284,0.05285714285714286
idx_12,0.22714285714285715,0.05285714285714286
idx_16,0.21571428571428572,0.055714285714285716
idx_20,0.22142857142857142,0.05857142857142857
