,winogrande_acc,truthfulqa_mc2_acc,hellaswag_acc_norm,arc_challenge_acc_norm,mmlu_acc,toxigen_acc_norm
0,0.5951065509076559,0.38670568756814516,0.5370444134634534,0.295221843003413,0.2491810283435408,0.4308510638297872
20,0.5737963693764798,0.42029328235382063,0.41216889065923124,0.2764505119453925,0.2422019655319755,0.4319148936170213
