winogrande_acc,truthfulqa_mc2_acc,hellaswag_acc_norm,arc_challenge_acc_norm,mmlu_acc,toxigen_acc_norm,safety_eval_beaverdam-7b
0.5777426992896606,0.4595391330527691,0.4519020115514838,0.2457337883959044,0.2565161657883492,0.4319148936170213,0.9228571428571429
0.5461720599842147,0.5250140019861579,0.2888866759609639,0.2397610921501706,0.2634240136732659,0.4319148936170213,0.89
0.5580110497237569,,0.2875921131248755,0.2568259385665529,0.2452642073778664,0.4319148936170213,0.91
0.5722178374112076,,0.3025293766182035,0.2721843003412969,0.2295969235151687,0.4319148936170213,0.8557142857142856
0.5698500394632992,,0.300139414459271,0.2687713310580205,0.2299529981484119,0.4319148936170213,0.92
