model_name,flagged/all,special_char_count/characters_in_response,empty_response_ratio
idx_0,0.2957142857142857,0.3581524040955957,0.0
idx_4,0.2671428571428571,0.3559325085222214,0.0
idx_8,0.27285714285714285,0.34922087480463876,0.0
idx_12,0.24714285714285714,0.3531587810085727,0.0
idx_16,0.23857142857142857,0.3560502160056397,0.0
idx_20,0.21857142857142858,0.3593792356882007,0.0
