model_name,flagged/all,whitespace/characters_in_response
idx_0,0.2957142857142857,0.05
idx_20,0.008571428571428572,0.24142857142857144
