model_name,flagged/all,special_char_count/characters_in_response,empty_response_ratio
idx_0,0.2957142857142857,0.3581524040955957,0.0
idx_20,0.008571428571428572,0.9106327387975731,0.0
